gene_symbol	gofcards_exact_rows	exact_clinvar_vcv_rows	g2p_any_source_record	g2p_canonical_mechanism	g2p_priva_included_mechanism	orphadata_any_source_record	orphadata_canonical_mechanism	orphadata_priva_included_mechanism	only_gofcards_vs_explicit_sources	only_gofcards_vs_priva_included	only_gofcards_vs_any_source_record
ABCC8	34	6	0	0	0	0	0	0	0	0	0
ABCC9	14	4	1	1	1	0	0	0	0	0	0
ABL1	14	3	1	1	1	0	0	0	0	0	0
ACOT11	1	0	0	0	0	0	0	0	1	1	1
ACOX1	2	1	1	1	1	0	0	0	0	0	0
ACTG1	2	0	1	1	1	1	1	1	0	0	0
ACTL6B	2	1	1	1	1	0	0	0	0	0	0
ACTR2	2	0	0	0	0	0	0	0	1	1	1
ACVR1	14	2	1	1	1	1	1	1	0	0	0
ADAM12	2	0	0	0	0	0	0	0	1	1	1
ADAMTS13	10	0	0	0	0	1	1	0	0	1	0
ADAP1	1	0	0	0	0	0	0	0	1	1	1
ADCY5	4	2	1	0	0	0	0	0	0	0	0
ADD1	4	0	0	0	0	0	0	0	1	1	1
ADRB1	2	0	0	0	0	0	0	0	1	1	1
AGER	2	0	0	0	0	0	0	0	1	1	1
AGT	2	1	0	0	0	0	0	0	0	0	0
AHR	2	0	1	1	1	0	0	0	0	0	0
AKT1	2	1	1	1	1	0	0	0	0	0	0
AKT2	2	0	1	0	0	1	1	1	0	0	0
AKT3	4	0	1	0	0	0	0	0	1	1	0
ALAS2	4	0	0	0	0	1	1	0	0	1	0
ALK	14	0	1	1	0	0	0	0	0	1	0
ALPK1	2	1	1	0	0	1	1	0	0	0	0
ALPK2	2	0	0	0	0	0	0	0	1	1	1
ANK2	2	1	1	1	0	0	0	0	0	0	0
ANKH	4	0	1	1	1	1	1	1	0	0	0
ANKRD1	6	0	1	0	0	0	0	0	1	1	0
ANKRD26	2	1	1	0	0	0	0	0	0	0	0
ANO1	8	0	1	1	1	0	0	0	0	0	0
ANO5	2	0	1	1	1	0	0	0	0	0	0
APOA1	2	0	1	1	0	0	0	0	0	1	0
APOBEC3C	4	0	0	0	0	0	0	0	1	1	1
APOL1	2	1	0	0	0	0	0	0	0	0	0
AQP2	2	0	0	0	0	0	0	0	1	1	1
AQP4	2	0	0	0	0	0	0	0	1	1	1
AR	12	0	1	1	1	0	0	0	0	0	0
ARAF	2	0	0	0	0	0	0	0	1	1	1
ARF3	2	0	1	1	0	0	0	0	0	1	0
ARHGEF26	2	0	0	0	0	0	0	0	1	1	1
ATL1	1	0	1	0	0	0	0	0	1	1	0
ATN1	2	0	1	0	0	0	0	0	1	1	0
ATP13A2	2	0	1	1	1	1	1	1	0	0	0
ATP2A2	8	0	1	1	1	1	1	1	0	0	0
ATP2B2	2	0	0	0	0	0	0	0	1	1	1
AURKB	2	0	0	0	0	0	0	0	1	1	1
AVPR2	12	1	0	0	0	1	1	0	0	0	0
BCAT1	2	0	0	0	0	0	0	0	1	1	1
BCKDK	4	0	0	0	0	1	1	0	0	1	0
BCL2	2	0	0	0	0	0	0	0	1	1	1
BCORL1	2	0	1	0	0	0	0	0	1	1	0
BEST1	7	0	1	1	1	0	0	0	0	0	0
BRAF	54	21	1	1	1	1	1	1	0	0	0
BRAP	2	0	0	0	0	0	0	0	1	1	1
BTK	2	0	0	0	0	0	0	0	1	1	1
C2	4	1	0	0	0	0	0	0	0	0	0
C3	8	1	0	0	0	1	1	0	0	0	0
CA4	4	0	1	0	0	0	0	0	1	1	0
CACNA1A	26	4	1	0	0	1	1	1	0	0	0
CACNA1B	2	0	1	1	1	1	1	1	0	0	0
CACNA1C	12	2	1	1	0	0	0	0	0	0	0
CACNA1D	8	0	1	1	1	1	1	1	0	0	0
CACNA1E	2	1	1	1	1	0	0	0	0	0	0
CACNA1F	6	1	1	1	1	0	0	0	0	0	0
CACNA1G	10	1	1	1	1	0	0	0	0	0	0
CACNA1H	24	0	1	0	0	1	1	0	0	1	0
CACNA1I	8	0	0	0	0	0	0	0	1	1	1
CADM1	2	0	0	0	0	0	0	0	1	1	1
CAMK2B	2	0	1	1	1	0	0	0	0	0	0
CAMK2G	2	0	1	0	0	0	0	0	1	1	0
CAMK4	1	0	0	0	0	0	0	0	1	1	1
CAPN5	4	1	1	0	0	0	0	0	0	0	0
CAPRIN1	2	0	1	1	1	1	1	0	0	0	0
CARD11	26	0	0	0	0	1	1	0	0	1	0
CARD14	12	1	1	1	1	0	0	0	0	0	0
CASP8	2	0	0	0	0	0	0	0	1	1	1
CASR	70	4	0	0	0	1	1	1	0	0	0
CAV3	2	1	1	0	0	0	0	0	0	0	0
CBL	2	1	1	1	1	0	0	0	0	0	0
CCL5	2	0	0	0	0	0	0	0	1	1	1
CCND3	2	0	0	0	0	0	0	0	1	1	1
CD28	6	0	0	0	0	0	0	0	1	1	1
CD40	2	1	0	0	0	0	0	0	0	0	0
CDKN1C	16	0	1	1	1	1	1	1	0	0	0
CEBPE	2	0	0	0	0	1	1	0	0	1	0
CELA3B	2	0	0	0	0	0	0	0	1	1	1
CELSR1	2	0	1	1	0	0	0	0	0	1	0
CETP	2	1	0	0	0	1	1	0	0	0	0
CFB	10	0	0	0	0	0	0	0	1	1	1
CFTR	2	0	0	0	0	1	1	1	0	0	0
CHCHD10	2	1	0	0	0	0	0	0	0	0	0
CHN1	2	0	1	1	1	0	0	0	0	0	0
CHRD	2	0	0	0	0	0	0	0	1	1	1
CHRNA2	2	0	1	0	0	0	0	0	1	1	0
CHRNA4	9	1	1	1	1	0	0	0	0	0	0
CHRNA7	2	0	0	0	0	0	0	0	1	1	1
CHRNB2	2	0	1	1	1	0	0	0	0	0	0
CHRNB4	2	1	0	0	0	0	0	0	0	0	0
CHRND	2	0	0	0	0	1	1	0	0	1	0
CITED2	2	0	0	0	0	0	0	0	1	1	1
CLCN2	4	0	1	1	1	1	1	0	0	0	0
CLCN3	8	0	1	1	1	0	0	0	0	0	0
CLCN6	4	0	1	0	0	0	0	0	1	1	0
CLCN7	4	1	1	1	1	0	0	0	0	0	0
CLCNKB	4	1	1	1	0	1	1	1	0	0	0
CLDN2	2	0	0	0	0	0	0	0	1	1	1
CNGB3	4	1	1	1	1	0	0	0	0	0	0
COL10A1	2	0	1	1	1	0	0	0	0	0	0
COL26A1	1	0	0	0	0	0	0	0	1	1	1
COL4A2	2	0	1	1	1	0	0	0	0	0	0
CREB1	2	0	0	0	0	0	0	0	1	1	1
CRELD1	2	0	1	0	0	1	1	0	0	1	0
CRLF2	2	0	0	0	0	0	0	0	1	1	1
CRY1	1	0	0	0	0	0	0	0	1	1	1
CRYAA	1	1	1	1	1	0	0	0	0	0	0
CRYAB	2	0	1	1	1	0	0	0	0	0	0
CSF1R	7	0	1	1	1	1	1	0	0	0	0
CSF2	2	0	0	0	0	0	0	0	1	1	1
CSF3R	6	1	0	0	0	1	1	0	0	0	0
CTCF	2	0	1	1	1	0	0	0	0	0	0
CTNNB1	40	0	1	1	1	1	1	1	0	0	0
CXCR4	14	2	1	1	1	1	1	1	0	0	0
CYCS	2	0	0	0	0	0	0	0	1	1	1
CYFIP2	6	1	1	0	0	0	0	0	0	0	0
CYP2C18	2	0	0	0	0	0	0	0	1	1	1
CYP2C19	2	0	0	0	0	0	0	0	1	1	1
CYP3A4	4	0	0	0	0	0	0	0	1	1	1
DDR2	4	0	1	0	0	0	0	0	1	1	0
DHX58	2	1	0	0	0	0	0	0	0	0	0
DIAPH1	2	1	0	0	0	1	1	1	0	0	0
DLG1	2	0	0	0	0	0	0	0	1	1	1
DMRT1	4	0	0	0	0	0	0	0	1	1	1
DNAJC13	2	0	0	0	0	1	1	1	0	0	0
DNM2	20	4	0	0	0	0	0	0	0	0	0
DNMT3A	4	0	1	1	1	1	1	1	0	0	0
DPP6	4	0	0	0	0	1	1	1	0	0	0
DRD2	2	0	0	0	0	0	0	0	1	1	1
DSG2	2	1	1	0	0	0	0	0	0	0	0
DYRK1B	2	0	0	0	0	0	0	0	1	1	1
EDNRA	4	0	1	1	1	1	1	0	0	0	0
EEF1A2	6	2	1	1	1	0	0	0	0	0	0
EGFR	10	2	1	1	0	0	0	0	0	0	0
EGLN1	4	2	0	0	0	1	1	0	0	0	0
EIF4A2	2	0	1	0	0	1	1	0	0	1	0
ENTPD1	2	0	1	1	0	0	0	0	0	1	0
EPAS1	30	1	0	0	0	1	1	0	0	0	0
EPHA4	2	0	0	0	0	0	0	0	1	1	1
EPHB2	2	0	0	0	0	0	0	0	1	1	1
EPOR	4	1	0	0	0	0	0	0	0	0	0
ERBB2	22	0	0	0	0	0	0	0	1	1	1
ERBB3	2	0	1	0	0	1	1	0	0	1	0
ERBB4	4	0	0	0	0	0	0	0	1	1	1
ESR1	6	0	0	0	0	1	1	1	0	0	0
EYA2	2	0	0	0	0	0	0	0	1	1	1
EZH2	14	0	1	0	0	0	0	0	1	1	0
F12	2	1	1	1	1	1	1	0	0	0	0
F2	10	1	0	0	0	0	0	0	0	0	0
F5	2	0	0	0	0	1	1	0	0	1	0
F7	2	0	0	0	0	0	0	0	1	1	1
F9	2	0	0	0	0	0	0	0	1	1	1
FAAH	2	0	0	0	0	0	0	0	1	1	1
FAM83H	2	0	0	0	0	0	0	0	1	1	1
FCGR2A	1	0	0	0	0	0	0	0	1	1	1
FEM1B	2	0	1	1	0	0	0	0	0	1	0
FGF12	6	1	1	1	1	1	1	1	0	0	0
FGF23	2	0	0	0	0	1	1	1	0	0	0
FGFR1	4	0	1	1	1	1	1	1	0	0	0
FGFR2	17	6	1	1	1	1	1	1	0	0	0
FGFR3	24	7	1	1	1	1	1	1	0	0	0
FGFR4	6	1	0	0	0	0	0	0	0	0	0
FGR	2	0	0	0	0	0	0	0	1	1	1
FLNA	8	1	1	1	1	1	1	1	0	0	0
FLNB	6	1	1	1	1	1	1	1	0	0	0
FLT3	4	0	0	0	0	0	0	0	1	1	1
FMNL2	2	0	0	0	0	0	0	0	1	1	1
FN1	2	0	1	0	0	0	0	0	1	1	0
FOXC1	2	0	1	1	1	0	0	0	0	0	0
FOXC2	2	0	1	1	1	0	0	0	0	0	0
FOXE1	2	0	1	1	1	1	1	1	0	0	0
FOXL2	2	0	1	1	1	0	0	0	0	0	0
FOXN1	4	1	1	1	1	0	0	0	0	0	0
FUS	4	1	0	0	0	0	0	0	0	0	0
GABRA1	8	0	1	1	0	0	0	0	0	1	0
GABRB3	4	0	1	0	0	0	0	0	1	1	0
GABRD	2	0	1	1	0	0	0	0	0	1	0
GCM2	4	1	0	0	0	1	1	1	0	0	0
GDF5	10	0	1	1	1	1	1	1	0	0	0
GDF6	4	0	1	0	0	0	0	0	1	1	0
GFAP	4	2	1	1	1	1	1	1	0	0	0
GJA1	2	0	1	1	1	1	1	1	0	0	0
GJA4	2	0	0	0	0	0	0	0	1	1	1
GJA8	2	0	1	0	0	1	1	0	0	1	0
GJB1	2	1	0	0	0	0	0	0	0	0	0
GJB2	6	1	1	1	0	0	0	0	0	0	0
GLA	10	2	1	1	1	0	0	0	0	0	0
GLI1	2	0	0	0	0	1	1	1	0	0	0
GLS	2	0	0	0	0	1	1	0	0	1	0
GLUD1	2	0	1	1	1	0	0	0	0	0	0
GLUD2	2	0	0	0	0	0	0	0	1	1	1
GMNN	6	0	1	1	1	1	1	1	0	0	0
GNA11	14	1	1	1	0	1	1	1	0	0	0
GNAO1	2	0	1	1	1	0	0	0	0	0	0
GNAQ	6	0	1	1	1	0	0	0	0	0	0
GNAS	6	2	1	1	1	1	1	1	0	0	0
GNB1	2	1	1	1	1	0	0	0	0	0	0
GP1BA	10	2	0	0	0	0	0	0	0	0	0
GRIA1	2	1	1	0	0	0	0	0	0	0	0
GRIA2	2	0	1	1	1	0	0	0	0	0	0
GRIA3	4	0	1	1	1	1	1	1	0	0	0
GRIK2	2	1	1	1	1	1	1	0	0	0	0
GRIN1	6	0	1	1	1	1	1	1	0	0	0
GRIN2A	6	1	1	1	1	0	0	0	0	0	0
GRIN2B	12	0	1	1	1	1	1	1	0	0	0
GRIN2D	2	1	1	1	1	1	1	1	0	0	0
GRM1	4	0	1	1	1	0	0	0	0	0	0
GUCA1A	6	2	1	1	0	1	1	1	0	0	0
GUCY1A2	2	0	0	0	0	0	0	0	1	1	1
GUCY2C	2	0	1	1	1	0	0	0	0	0	0
GUCY2D	2	1	1	1	1	1	1	1	0	0	0
GYG1	1	0	0	0	0	1	1	0	0	1	0
GYS1	2	0	0	0	0	0	0	0	1	1	1
H3-3A	3	0	1	0	0	0	0	0	1	1	0
HBA1	2	1	0	0	0	0	0	0	0	0	0
HCN1	4	0	1	0	0	1	1	1	0	0	0
HCN2	4	0	0	0	0	0	0	0	1	1	1
HCN4	4	0	1	0	0	0	0	0	1	1	0
HDAC4	2	0	1	0	0	0	0	0	1	1	0
HDAC9	1	0	0	0	0	0	0	0	1	1	1
HERC1	2	0	1	1	1	1	1	1	0	0	0
HFE	2	1	1	1	0	0	0	0	0	0	0
HIF1A	2	0	0	0	0	0	0	0	1	1	1
HK1	6	1	1	1	1	0	0	0	0	0	0
HNF1B	2	0	1	1	1	1	1	1	0	0	0
HNRNPH2	2	1	1	0	0	0	0	0	0	0	0
HOXB13	2	0	0	0	0	0	0	0	1	1	1
HRAS	8	3	1	1	1	1	1	1	0	0	0
HSF1	2	0	0	0	0	0	0	0	1	1	1
IDH1	8	2	0	0	0	0	0	0	0	0	0
IDH2	8	1	0	0	0	1	1	1	0	0	0
IFIH1	16	3	1	1	1	1	1	1	0	0	0
IKBKB	2	0	0	0	0	1	1	0	0	1	0
IKZF1	2	0	0	0	0	0	0	0	1	1	1
IL1B	1	0	0	0	0	0	0	0	1	1	1
IL4R	4	0	0	0	0	0	0	0	1	1	1
INPP5F	4	0	0	0	0	0	0	0	1	1	1
IRF2BP2	2	0	0	0	0	1	1	0	0	1	0
IRF4	4	0	0	0	0	0	0	0	1	1	1
IRS1	2	0	0	0	0	0	0	0	1	1	1
ISL1	2	0	0	0	0	0	0	0	1	1	1
ISM1	1	0	0	0	0	0	0	0	1	1	1
ITGB1	2	0	0	0	0	0	0	0	1	1	1
ITGB3	7	1	0	0	0	0	0	0	0	0	0
ITPR1	2	1	1	1	1	0	0	0	0	0	0
JAK1	18	0	0	0	0	0	0	0	1	1	1
JAK2	50	2	0	0	0	1	1	1	0	0	0
JAK3	10	0	1	1	1	0	0	0	0	0	0
KAT6B	2	0	1	1	1	0	0	0	0	0	0
KCNA1	2	0	1	1	0	0	0	0	0	1	0
KCNA2	12	2	1	1	1	1	1	1	0	0	0
KCNA5	6	2	0	0	0	1	1	1	0	0	0
KCNA6	8	0	0	0	0	0	0	0	1	1	1
KCNB1	2	0	1	0	0	0	0	0	1	1	0
KCNC1	2	1	1	1	1	1	1	0	0	0	0
KCNC2	6	0	0	0	0	1	1	1	0	0	0
KCNC3	2	0	1	0	0	0	0	0	1	1	0
KCND2	12	0	1	0	0	0	0	0	1	1	0
KCND3	12	1	1	1	0	0	0	0	0	0	0
KCNE1	2	0	1	0	0	1	1	1	0	0	0
KCNE2	4	2	1	0	0	1	1	1	0	0	0
KCNE3	2	1	1	0	0	0	0	0	0	0	0
KCNE5	2	0	0	0	0	0	0	0	1	1	1
KCNH1	16	0	1	1	1	1	1	1	0	0	0
KCNH2	34	4	1	1	0	1	1	1	0	0	0
KCNJ10	6	2	1	1	1	0	0	0	0	0	0
KCNJ11	20	2	1	1	1	1	1	1	0	0	0
KCNJ12	8	0	0	0	0	0	0	0	1	1	1
KCNJ2	8	0	1	0	0	1	1	1	0	0	0
KCNJ3	6	0	0	0	0	0	0	0	1	1	1
KCNJ5	4	0	1	0	0	1	1	1	0	0	0
KCNJ6	4	0	1	0	0	0	0	0	1	1	0
KCNJ8	2	1	1	1	0	0	0	0	0	0	0
KCNK16	2	0	0	0	0	0	0	0	1	1	1
KCNK17	2	0	0	0	0	0	0	0	1	1	1
KCNK4	2	0	1	1	1	0	0	0	0	0	0
KCNK9	2	0	1	1	1	0	0	0	0	0	0
KCNMA1	8	1	1	1	1	1	1	0	0	0	0
KCNMB1	4	0	0	0	0	0	0	0	1	1	1
KCNN4	8	1	0	0	0	0	0	0	0	0	0
KCNQ1	44	8	1	1	1	1	1	1	0	0	0
KCNQ2	18	6	1	1	1	0	0	0	0	0	0
KCNQ3	8	3	1	0	0	0	0	0	0	0	0
KCNQ5	2	0	1	1	1	0	0	0	0	0	0
KCNT1	30	8	1	1	0	1	1	1	0	0	0
KCNT2	6	0	1	1	1	0	0	0	0	0	0
KIDINS220	2	0	1	1	1	0	0	0	0	0	0
KIF21A	2	1	1	0	0	1	1	1	0	0	0
KIF5A	1	0	1	1	1	0	0	0	0	0	0
KIT	83	5	1	1	1	1	1	1	0	0	0
KITLG	9	0	1	1	0	1	1	0	0	1	0
KNG1	2	0	0	0	0	0	0	0	1	1	1
KRAS	20	6	1	1	1	1	1	1	0	0	0
KRT1	4	1	1	1	1	1	1	1	0	0	0
LEF1	4	0	1	0	0	0	0	0	1	1	0
LGR4	2	0	0	0	0	0	0	0	1	1	1
LHCGR	10	1	0	0	0	1	1	0	0	0	0
LIN28B	1	0	0	0	0	0	0	0	1	1	1
LIPC	2	0	0	0	0	0	0	0	1	1	1
LMBRD2	2	1	1	0	0	0	0	0	0	0	0
LOC102723475	2	0	0	0	0	0	0	0	1	1	1
LOC102724652	1	0	0	0	0	0	0	0	1	1	1
LPL	2	1	1	1	1	1	1	0	0	0	0
LRP5	18	3	1	1	1	1	1	1	0	0	0
LRRC3	2	0	0	0	0	0	0	0	1	1	1
LRRK2	30	8	0	0	0	1	1	1	0	0	0
LTBP3	2	0	1	1	1	0	0	0	0	0	0
LYN	4	0	0	0	0	0	0	0	1	1	1
LZTR1	6	1	1	1	0	0	0	0	0	0	0
MAGEL2	2	1	1	1	1	1	1	1	0	0	0
MAP2K1	8	3	1	1	1	1	1	1	0	0	0
MAP2K2	2	1	1	1	1	1	1	1	0	0	0
MAP3K3	2	1	0	0	0	0	0	0	0	0	0
MAP3K7	3	1	1	0	0	0	0	0	0	0	0
MAPT	2	0	0	0	0	0	0	0	1	1	1
MARK4	2	0	1	1	0	0	0	0	0	1	0
MC4R	4	2	0	0	0	0	0	0	0	0	0
MCOLN3	4	0	0	0	0	0	0	0	1	1	1
MDH2	4	0	1	1	1	0	0	0	0	0	0
MECP2	2	1	1	1	1	1	1	1	0	0	0
MED12	2	0	1	1	0	1	1	1	0	0	0
METTL14	2	0	0	0	0	0	0	0	1	1	1
MFN2	2	0	1	0	0	1	1	1	0	0	0
MICAL1	2	0	0	0	0	0	0	0	1	1	1
MITF	2	1	1	1	1	0	0	0	0	0	0
MMP11	3	0	0	0	0	0	0	0	1	1	1
MMP7	2	0	0	0	0	0	0	0	1	1	1
MMP9	2	0	0	0	0	1	1	1	0	0	0
MN1	2	0	1	1	1	1	1	0	0	0	0
MPL	18	1	0	0	0	1	1	0	0	0	0
MSGN1	2	0	0	0	0	0	0	0	1	1	1
MSX2	2	0	1	1	1	1	1	1	0	0	0
MTOR	8	1	1	0	0	1	1	1	0	0	0
MUC5AC	1	0	0	0	0	0	0	0	1	1	1
MYBPC3	4	0	1	1	1	0	0	0	0	0	0
MYCN	4	0	1	1	1	1	1	0	0	0	0
MYD88	6	0	0	0	0	0	0	0	1	1	1
MYH10	2	0	1	1	0	0	0	0	0	1	0
MYH7	2	0	1	0	0	0	0	0	1	1	0
MYLIP	2	1	0	0	0	0	0	0	0	0	0
MYO3A	2	0	0	0	0	0	0	0	1	1	1
NALCN	4	1	1	1	1	0	0	0	0	0	0
NARS1	2	1	1	1	0	0	0	0	0	0	0
NEDD4L	6	1	1	0	0	0	0	0	0	0	0
NF1	2	1	1	1	1	1	1	1	0	0	0
NFATC1	2	0	0	0	0	0	0	0	1	1	1
NFE2L2	12	0	1	1	1	0	0	0	0	0	0
NFKB2	6	1	0	0	0	1	1	1	0	0	0
NFKBIA	12	0	0	0	0	0	0	0	1	1	1
NLGN3	2	0	1	1	0	0	0	0	0	1	0
NLRC4	16	0	0	0	0	1	1	0	0	1	0
NLRP1	5	0	1	0	0	0	0	0	1	1	0
NLRP3	49	3	1	1	1	1	1	1	0	0	0
NME1	2	0	0	0	0	0	0	0	1	1	1
NOD2	26	2	1	1	1	0	0	0	0	0	0
NOS3	4	0	0	0	0	0	0	0	1	1	1
NOTCH1	10	0	1	1	1	0	0	0	0	0	0
NOTCH2	6	0	1	1	1	1	1	1	0	0	0
NOTCH3	10	1	1	1	1	1	1	1	0	0	0
NPR2	6	0	1	1	1	1	1	0	0	0	0
NPSR1	2	0	0	0	0	0	0	0	1	1	1
NPSR1-AS1	1	0	0	0	0	0	0	0	1	1	1
NPY	2	0	0	0	0	0	0	0	1	1	1
NR2E3	2	1	1	1	1	0	0	0	0	0	0
NR3C2	2	0	0	0	0	1	1	0	0	1	0
NRAS	8	3	1	1	1	0	0	0	0	0	0
NRL	2	0	1	1	1	0	0	0	0	0	0
NTRK1	2	0	1	1	1	1	1	1	0	0	0
OAS1	8	0	0	0	0	0	0	0	1	1	1
ODC1	2	0	1	1	1	1	1	1	0	0	0
ORAI1	3	0	0	0	0	1	1	1	0	0	0
P2RX7	4	0	0	0	0	0	0	0	1	1	1
PACS1	4	1	1	1	1	1	1	1	0	0	0
PAH	2	1	1	1	1	0	0	0	0	0	0
PAK1	8	1	1	1	1	0	0	0	0	0	0
PARP9	2	0	0	0	0	0	0	0	1	1	1
PAX6	6	0	1	1	1	1	1	1	0	0	0
PCSK1	2	0	0	0	0	0	0	0	1	1	1
PCSK9	36	12	0	0	0	0	0	0	0	0	0
PDE3A	2	0	0	0	0	1	1	1	0	0	0
PDGFRA	10	0	1	1	1	0	0	0	0	0	0
PDGFRB	32	2	1	1	1	1	1	0	0	0	0
PDLIM7	2	0	0	0	0	0	0	0	1	1	1
PFN1	8	1	0	0	0	0	0	0	0	0	0
PIEZO1	6	1	1	1	1	1	1	1	0	0	0
PIEZO2	4	1	1	1	1	1	1	1	0	0	0
PIK3CA	41	9	1	1	0	0	0	0	0	0	0
PIK3CB	4	0	0	0	0	0	0	0	1	1	1
PIK3CD	22	9	0	0	0	1	1	1	0	0	0
PIK3R1	4	0	1	1	1	1	1	1	0	0	0
PIP4K2A	2	0	0	0	0	0	0	0	1	1	1
PITX2	6	0	1	1	1	1	1	1	0	0	0
PKP2	2	1	1	1	0	0	0	0	0	0	0
PLCB4	2	0	1	0	0	0	0	0	1	1	0
PLCD1	2	0	1	0	0	0	0	0	1	1	0
PLCG1	30	0	0	0	0	0	0	0	1	1	1
PLCG2	16	0	1	1	1	1	1	0	0	0	0
PLG	2	1	0	0	0	0	0	0	0	0	0
PLS3	2	0	1	1	0	1	1	0	0	1	0
PLXNA1	2	0	1	1	1	0	0	0	0	0	0
PMP22	2	0	0	0	0	0	0	0	1	1	1
PPARG	2	0	1	1	0	0	0	0	0	1	0
PPM1D	10	0	1	1	1	0	0	0	0	0	0
PPP2R1A	2	1	1	1	1	0	0	0	0	0	0
PPP3CA	2	0	1	0	0	0	0	0	1	1	0
PPP6C	2	0	0	0	0	0	0	0	1	1	1
PRDM8	2	0	0	0	0	0	0	0	1	1	1
PREX2	6	0	0	0	0	0	0	0	1	1	1
PRKAG1	2	0	0	0	0	0	0	0	1	1	1
PRKAG3	4	0	0	0	0	0	0	0	1	1	1
PRKD1	2	1	1	0	0	0	0	0	0	0	0
PRKG1	2	1	0	0	0	1	1	1	0	0	0
PRKN	4	0	0	0	0	0	0	0	1	1	1
PRPH2	6	0	1	1	0	0	0	0	0	1	0
PRPS1	4	0	1	1	1	1	1	1	0	0	0
PRSS1	6	3	0	0	0	1	1	1	0	0	0
PSTPIP1	2	1	1	1	1	0	0	0	0	0	0
PTEN	8	2	1	1	1	1	1	1	0	0	0
PTH1R	2	1	1	1	1	1	1	1	0	0	0
PTPN11	64	21	1	1	0	1	1	1	0	0	0
PTPN22	6	0	0	0	0	0	0	0	1	1	1
PYGM	2	1	0	0	0	0	0	0	0	0	0
RAB40B	2	0	0	0	0	0	0	0	1	1	1
RAC1	2	0	1	0	0	0	0	0	1	1	0
RAC2	8	1	0	0	0	1	1	0	0	0	0
RAC3	2	0	1	0	0	1	1	0	0	1	0
RAF1	10	4	1	1	0	1	1	1	0	0	0
RALA	2	0	1	0	0	0	0	0	1	1	0
RAP1B	2	0	1	0	0	0	0	0	1	1	0
RARB	4	1	1	1	1	0	0	0	0	0	0
RDH12	2	0	1	1	1	1	1	1	0	0	0
RELN	6	1	1	1	1	0	0	0	0	0	0
RET	36	16	1	1	1	1	1	1	0	0	0
RHBDF2	2	0	1	1	1	1	1	1	0	0	0
RHOA	4	0	0	0	0	0	0	0	1	1	1
RIGI	8	0	1	0	0	0	0	0	1	1	0
RIT1	14	4	1	1	0	1	1	1	0	0	0
RNF213	2	1	1	1	0	0	0	0	0	0	0
RP11-396C23.4	3	0	0	0	0	0	0	0	1	1	1
RPA1	4	0	0	0	0	0	0	0	1	1	1
RPE65	2	1	1	1	1	0	0	0	0	0	0
RPH3A	4	0	1	1	0	0	0	0	0	1	0
RRAGC	2	0	1	1	1	0	0	0	0	0	0
RRAS2	2	1	1	1	1	0	0	0	0	0	0
RRM2B	2	1	1	1	1	0	0	0	0	0	0
RSPO1	4	0	0	0	0	0	0	0	1	1	1
RUNX2	4	0	1	1	1	1	1	0	0	0	0
RYR1	10	5	1	1	1	0	0	0	0	0	0
RYR2	34	2	1	1	0	1	1	0	0	0	0
SAMD9	12	2	1	1	1	1	1	0	0	0	0
SAMD9L	2	1	1	0	0	0	0	0	0	0	0
SCN10A	10	1	1	0	0	1	1	0	0	0	0
SCN11A	26	3	1	1	1	1	1	0	0	0	0
SCN1A	28	2	1	1	1	0	0	0	0	0	0
SCN1B	6	2	1	1	1	1	1	1	0	0	0
SCN2A	34	8	1	1	0	1	1	1	0	0	0
SCN2B	4	1	1	0	0	1	1	1	0	0	0
SCN3A	4	1	1	0	0	0	0	0	0	0	0
SCN3B	3	0	1	0	0	1	1	1	0	0	0
SCN4A	10	1	1	1	1	1	1	1	0	0	0
SCN5A	72	18	1	1	0	1	1	1	0	0	0
SCN8A	34	4	1	1	1	1	1	1	0	0	0
SCN9A	78	8	1	1	1	1	1	1	0	0	0
SCNN1B	4	1	0	0	0	1	1	1	0	0	0
SCNN1G	4	1	0	0	0	1	1	1	0	0	0
SEMA7A	2	0	0	0	0	0	0	0	1	1	1
SETD2	2	1	1	1	1	0	0	0	0	0	0
SETX	4	1	0	0	0	1	1	1	0	0	0
SFTPC	4	1	0	0	0	0	0	0	0	0	0
SH3BP2	2	0	1	1	1	0	0	0	0	0	0
SHANK3	2	0	1	1	1	1	1	0	0	0	0
SHOC2	2	1	1	1	1	0	0	0	0	0	0
SIRT5	1	0	0	0	0	0	0	0	1	1	1
SKAP2	2	0	0	0	0	0	0	0	1	1	1
SLC1A2	6	0	1	0	0	0	0	0	1	1	0
SLC1A3	4	0	0	0	0	0	0	0	1	1	1
SLC22A4	2	1	0	0	0	0	0	0	0	0	0
SLC25A15	2	1	1	1	1	1	1	1	0	0	0
SLC25A24	2	1	1	0	0	0	0	0	0	0	0
SLC30A3	2	0	0	0	0	0	0	0	1	1	1
SLC30A8	1	0	0	0	0	0	0	0	1	1	1
SLC40A1	16	3	1	1	1	1	1	0	0	0	0
SLC41A1	2	0	0	0	0	0	0	0	1	1	1
SLC4A4	2	0	1	1	1	0	0	0	0	0	0
SLC6A1	6	0	1	1	1	1	1	1	0	0	0
SLC6A20	1	0	0	0	0	0	0	0	1	1	1
SLC6A4	10	1	0	0	0	0	0	0	0	0	0
SLC9A6	2	0	1	1	1	0	0	0	0	0	0
SLC9A7	2	0	1	0	0	0	0	0	1	1	0
SMAD4	4	2	1	1	1	0	0	0	0	0	0
SMARCA4	2	1	1	1	1	0	0	0	0	0	0
SMARCB1	2	1	1	1	1	1	1	0	0	0	0
SMCHD1	8	0	1	0	0	0	0	0	1	1	0
SMO	2	0	1	1	1	0	0	0	0	0	0
SNCA	10	0	0	0	0	1	1	1	0	0	0
SNCB	2	0	0	0	0	0	0	0	1	1	1
SNTA1	2	1	1	0	0	0	0	0	0	0	0
SOAT1	2	0	0	0	0	0	0	0	1	1	1
SOD1	13	1	0	0	0	0	0	0	0	0	0
SOS1	8	3	1	1	1	1	1	1	0	0	0
SOX17	2	0	1	0	0	0	0	0	1	1	0
SOX9	2	0	1	1	1	1	1	1	0	0	0
SPAST	2	0	1	1	1	0	0	0	0	0	0
SPOP	4	1	1	1	0	1	1	0	0	0	0
SPTLC1	10	1	0	0	0	0	0	0	0	0	0
SRC	2	0	0	0	0	1	1	0	0	1	0
SREBF1	2	0	1	0	0	0	0	0	1	1	0
STAT1	100	2	1	0	0	1	1	1	0	0	0
STAT2	2	0	1	1	1	1	1	0	0	0	0
STAT3	52	6	0	0	0	1	1	1	0	0	0
STAT4	6	0	0	0	0	0	0	0	1	1	1
STAT5B	8	0	1	1	1	0	0	0	0	0	0
STAT6	12	0	0	0	0	0	0	0	1	1	1
STIM1	16	0	1	1	1	1	1	1	0	0	0
STING1	22	2	0	0	0	1	1	0	0	0	0
STK19	2	0	0	0	0	0	0	0	1	1	1
STXBP1	2	0	1	1	1	0	0	0	0	0	0
SYK	10	0	0	0	0	1	1	0	0	1	0
TAB2	4	0	1	0	0	1	1	0	0	1	0
TARDBP	6	3	0	0	0	0	0	0	0	0	0
TBX1	3	0	1	1	1	0	0	0	0	0	0
TBX20	2	0	1	1	1	1	1	1	0	0	0
TBX3	2	0	1	1	1	1	1	1	0	0	0
TBX5	6	0	1	1	1	0	0	0	0	0	0
TEK	18	3	1	1	1	1	1	1	0	0	0
TERT	4	0	1	1	1	0	0	0	0	0	0
TET2	2	0	0	0	0	1	1	0	0	1	0
TGFB1	3	1	1	0	0	1	1	0	0	0	0
TGFBR2	4	0	1	1	1	0	0	0	0	0	0
THBS4	2	0	0	0	0	0	0	0	1	1	1
THRA	2	0	1	1	1	0	0	0	0	0	0
TLR7	6	0	0	0	0	0	0	0	1	1	1
TLR8	2	0	0	0	0	1	1	0	0	1	0
TMC1	2	1	0	0	0	0	0	0	0	0	0
TMEM175	2	1	0	0	0	0	0	0	0	0	0
TNFAIP3	2	0	0	0	0	1	1	0	0	1	0
TNFRSF11B	2	0	0	0	0	0	0	0	1	1	1
TNFRSF13B	2	0	1	1	1	0	0	0	0	0	0
TNNI1	2	0	0	0	0	0	0	0	1	1	1
TP53	113	45	1	1	1	0	0	0	0	0	0
TP63	12	0	1	1	1	0	0	0	0	0	0
TP73	2	0	1	1	1	0	0	0	0	0	0
TPCN2	6	0	0	0	0	0	0	0	1	1	1
TRIB1	2	0	0	0	0	0	0	0	1	1	1
TRIB3	2	0	0	0	0	0	0	0	1	1	1
TRIO	16	1	1	0	0	1	1	1	0	0	0
TRPA1	6	0	0	0	0	1	1	0	0	1	0
TRPC6	30	3	0	0	0	1	1	1	0	0	0
TRPM3	8	0	1	0	0	0	0	0	1	1	0
TRPM4	14	2	1	0	0	1	1	1	0	0	0
TRPM7	2	0	0	0	0	0	0	0	1	1	1
TRPM8	2	0	0	0	0	0	0	0	1	1	1
TRPV3	22	0	1	0	0	1	1	1	0	0	0
TRPV4	16	2	1	1	1	1	1	1	0	0	0
TSC2	2	1	1	1	0	0	0	0	0	0	0
TSHR	32	0	1	1	1	1	1	1	0	0	0
TUBA1A	2	1	1	0	0	0	0	0	0	0	0
TUBA4A	2	0	0	0	0	0	0	0	1	1	1
TUBB4A	2	0	1	1	1	0	0	0	0	0	0
TYK2	2	0	0	0	0	1	1	0	0	1	0
UBTF	4	1	1	1	1	1	1	1	0	0	0
UCHL1	2	0	0	0	0	1	1	0	0	1	0
UNC13A	2	0	1	1	0	0	0	0	0	1	0
UNC93B1	2	0	0	0	0	0	0	0	1	1	1
USP24	1	0	0	0	0	0	0	0	1	1	1
USP25	2	0	1	1	0	0	0	0	0	1	0
USP8	10	0	0	0	0	0	0	0	1	1	1
VCL	2	0	1	0	0	0	0	0	1	1	0
VLDLR	2	0	1	1	1	0	0	0	0	0	0
VPS35	4	1	0	0	0	0	0	0	0	0	0
VWF	20	7	0	0	0	0	0	0	0	0	0
WAS	8	1	0	0	0	0	0	0	0	0	0
WNK1	2	0	1	1	1	1	1	1	0	0	0
WT1	2	0	1	1	1	0	0	0	0	0	0
YARS1	2	1	0	0	0	0	0	0	0	0	0
YWHAZ	2	0	1	0	0	0	0	0	1	1	0
ZAP70	4	0	0	0	0	0	0	0	1	1	1
ZIC1	1	0	1	1	1	1	1	0	0	0	0
ZNF367	1	0	0	0	0	0	0	0	1	1	1
