#Chrom	Pos	Ref	Alt	FeatureID	PHRED
chr1	1458191	G	A	ENST00000378755	25.0
chr1	45798066	A	C	ENST00000334815	27.0
chr1	179544879	C	A	ENSR00001790796	7.075
chr1	236924454	G	A	ENST00000366578	25.7
chr11	64497576	G	T	ENSR00001536085	23.6
chr11	110100962	T	C	ENST00000405097	18.45
chr12	49440182	C	A	ENST00000301067	21.4
chr12	88508976	G	A	ENSR00001840676	0.084
chr15	91304042	C	CT	ENST00000355112	22.5
chr16	624573	G	C	ENST00000026218	15.55
chr16	2093723	T	C	ENSR00001877653	35.0
chr19	8464799	C	T	ENST00000328024	12.56
chr2	71738952	C	T	ENST00000410020	49.0
chr21	34067609	T	G	ENST00000433931	0.042
chr21	46897848	G	A	ENSR00001235593	5.611
chr4	983996	A	G	ENST00000247933	16.75
chr7	6027101	T	C	ENST00000265849	0.003
chr7	82474793	C	T	ENSR00001401595	23.5
chr8	145665451	G	T	ENSR00001749245	0.006
chr9	140678583	C	CG	ENST00000421194	1.239
